{
  "config": {
    "data_path": "arrow_files/2gb/mawilab_lim/",
    "batch_size": 16,
    "accum_steps": 4,
    "d_model": 256,
    "nhead": 8,
    "num_layers": 8,
    "dim_feedforward": 1024,
    "dropout": 0.1,
    "epochs": 10,
    "lr": 0.0001,
    "max_grad_norm": 1.0,
    "context_length": 1024,
    "vocab_size": 65546,
    "warmup_epochs": 2,
    "num_workers": 128,
    "seed": 42,
    "filter_length": 5000,
    "shuffle_buffer_size": 1000,
    "device": "cuda"
  },
  "metrics": {
    "train_loss": [
      7.6689286284865785,
      4.857058145236527,
      4.387271488145147,
      4.2242766905077955,
      4.125971275969418,
      4.036648125992161,
      3.9468062266776487,
      3.838242777063664,
      3.6767140957243734,
      3.473712815595282
    ],
    "val_loss": [
      5.293510762892846,
      4.5103571524943655,
      4.283677234644375,
      4.185407157477453,
      4.110612960345829,
      4.029605127810002,
      3.956868523385472,
      3.854406982567886,
      3.703502179672321,
      3.532469314708074
    ],
    "val_acc": [
      0.40411408457072573,
      0.526490474346734,
      0.5481985400798364,
      0.5578832212972944,
      0.565561197296031,
      0.5761094220745127,
      0.5832662124034443,
      0.5916752812858327,
      0.6023208108382608,
      0.6139824733285678
    ],
    "epochs": [
      1,
      2,
      3,
      4,
      5,
      6,
      7,
      8,
      9,
      10
    ]
  }
}