{
  "config": {
    "data_path": "arrow_files/2gb/mawilab_lim/",
    "batch_size": 16,
    "accum_steps": 4,
    "d_model": 256,
    "nhead": 8,
    "num_layers": 8,
    "dim_feedforward": 1024,
    "dropout": 0.1,
    "epochs": 20,
    "lr": 0.0001,
    "max_grad_norm": 1.0,
    "context_length": 1024,
    "vocab_size": 65546,
    "warmup_epochs": 2,
    "num_workers": 128,
    "seed": 42,
    "filter_length": 5000,
    "shuffle_buffer_size": 1000,
    "device": "cuda",
    "min_improve": 0.001,
    "epoch_treshold": 3
  },
  "metrics": {
    "train_loss": [
      0.9982161741672838,
      0.9077529942879168,
      0.8436647980885651,
      0.785751555651417,
      0.7467602766849153,
      0.7159331591040594
    ],
    "val_loss": [
      0.8936151912876226,
      0.8348384350934348,
      0.7650757448436546,
      0.7308584667012434,
      0.7008669119455675,
      0.6692774068808627
    ],
    "val_acc": [
      0.8866604133659752,
      0.8910373179232737,
      0.8999026723101301,
      0.9046282002414723,
      0.9069143624576264,
      0.9094488841548816
    ],
    "epochs": [
      31,
      32,
      33,
      34,
      35,
      36
    ]
  }
}