{
  "config": {
    "data_path": "arrow_files/ds6",
    "batch_size": 16,
    "accum_steps": 4,
    "d_model": 256,
    "nhead": 8,
    "num_layers": 8,
    "dim_feedforward": 1024,
    "dropout": 0.1,
    "epochs": 20,
    "lr": 0.0001,
    "max_grad_norm": 1.0,
    "context_length": 1024,
    "vocab_size": 65546,
    "warmup_epochs": 2,
    "num_workers": 128,
    "seed": 42,
    "filter_length": 2048,
    "min_improve": 0.001,
    "epoch_treshold": 3,
    "device": "cuda"
  },
  "metrics": {
    "train_loss": [
      4.740144719326663,
      4.3841622319504765,
      4.18231665289744,
      4.0579687189061024,
      3.975008987542779,
      3.9065834742126793,
      3.761163010401836,
      2.6400000540020137,
      1.3781492182137556,
      1.1585568982712364,
      1.0674967816665615,
      0.9998912769485944,
      0.9354298573119317,
      0.8686221609049338,
      0.8237496418974017,
      0.7956819699510527,
      0.7769187206484885,
      0.7634936397785962,
      0.7505489228544043
    ],
    "val_loss": [
      4.51597391201627,
      4.273236989757632,
      4.109608428378133,
      4.0199085257795195,
      3.95430654790712,
      3.8921334054596497,
      3.475005602504373,
      1.5622007268339027,
      1.1792928204437283,
      1.0695935166092811,
      1.0429316661709558,
      0.9285129051831407,
      0.8547296972193291,
      0.8086085944959117,
      0.7810160708752156,
      0.7599891129823612,
      0.7467545807706066,
      0.7429008464649361,
      0.7280498867334014
    ],
    "val_acc": [
      0.5222601928341605,
      0.5519016346966795,
      0.5773471984765871,
      0.5924780381300849,
      0.6028024912736262,
      0.6109347397694596,
      0.6286681671197129,
      0.8464610876617714,
      0.8686503040393467,
      0.8777619066534581,
      0.8781491517809344,
      0.8856284471218341,
      0.8904321115233705,
      0.8977180867570231,
      0.9006747501860611,
      0.902415588930173,
      0.9030778174175015,
      0.9033313767758985,
      0.90438402618386
    ],
    "epochs": [
      2,
      3,
      4,
      5,
      6,
      7,
      8,
      9,
      10,
      11,
      12,
      13,
      14,
      15,
      16,
      17,
      18,
      19,
      20
    ]
  }
}