{
  "config": {
    "data_path": "arrow_files/2gb/mawilab_lim/",
    "batch_size": 16,
    "accum_steps": 4,
    "d_model": 256,
    "nhead": 8,
    "num_layers": 8,
    "dim_feedforward": 1024,
    "dropout": 0.1,
    "epochs": 10,
    "lr": 0.0001,
    "max_grad_norm": 1.0,
    "context_length": 1024,
    "vocab_size": 65546,
    "warmup_epochs": 2,
    "num_workers": 128,
    "seed": 42,
    "filter_length": 5000,
    "shuffle_buffer_size": 1000,
    "device": "cuda"
  },
  "metrics": {
    "train_loss": [
      7.734626022492996,
      4.859046511216597,
      4.371911513547361,
      4.207636156628028,
      4.112513037539836,
      4.029068941677804,
      3.9515431041497346,
      3.8620908238785723,
      3.73323259000425,
      3.5741096481444345
    ],
    "val_loss": [
      5.343495202011485,
      4.502178700341163,
      4.276597607236122,
      4.174627902783532,
      4.099571432399598,
      4.035542735876158,
      3.97339354917882,
      3.88295749233463,
      3.7861029215658246,
      3.663046326394017
    ],
    "val_acc": [
      0.40212740535740976,
      0.5281899919360422,
      0.5497360072862464,
      0.5601784983698469,
      0.5691036325337024,
      0.5779001186408985,
      0.5851045176495859,
      0.5939887820619965,
      0.6028583808116194,
      0.6108187084684066
    ],
    "epochs": [
      1,
      2,
      3,
      4,
      5,
      6,
      7,
      8,
      9,
      10
    ]
  }
}