{
  "config": {
    "data_path": "arrow_files/ds6",
    "batch_size": 16,
    "accum_steps": 4,
    "d_model": 256,
    "nhead": 8,
    "num_layers": 8,
    "dim_feedforward": 1024,
    "dropout": 0.1,
    "epochs": 20,
    "lr": 0.0001,
    "max_grad_norm": 1.0,
    "context_length": 1024,
    "vocab_size": 65546,
    "warmup_epochs": 2,
    "num_workers": 128,
    "seed": 42,
    "filter_length": 2048,
    "min_improve": 0.001,
    "epoch_treshold": 3,
    "device": "cuda"
  },
  "metrics": {
    "train_loss": [
      0.728659602281029,
      0.723314288158311,
      0.7210142452316397,
      0.7189254451690162,
      0.715279585882576,
      0.7100028868529383,
      0.7043450840497893,
      0.6984431200844043,
      0.691741382238954,
      0.6829038243837076,
      0.6727256642802305,
      0.6621860828289995,
      0.6544213761574892,
      0.6482803929195001,
      0.6414943719429955,
      0.6348697431427377,
      0.6290900964267299,
      0.6240561669321933,
      0.6208660166530058,
      0.6157874893303604
    ],
    "val_loss": [
      0.7159120197793534,
      0.7112136335523153,
      0.7091451062202819,
      0.7089400160253283,
      0.7006602870504208,
      0.6950391578690508,
      0.6925745833176841,
      0.6828632044850264,
      0.6786911588564416,
      0.6692340422464658,
      0.663727245353913,
      0.6516636626358797,
      0.6500486994505372,
      0.6432615540677572,
      0.6434945340162364,
      0.6399253956388464,
      0.6294553483141488,
      0.6270153963499323,
      0.6236966922610259,
      0.6183644867042277
    ],
    "val_acc": [
      0.9056384140714051,
      0.906009729823682,
      0.9061207313559265,
      0.9060338759335572,
      0.9065227968514683,
      0.906546842142513,
      0.9065045486431701,
      0.9066607170114234,
      0.9066956003267337,
      0.9070296635211864,
      0.9070761914114052,
      0.9077724966634008,
      0.907450178862687,
      0.9077701778303021,
      0.90763306422099,
      0.9077691192325832,
      0.908631473098209,
      0.9086683223807117,
      0.9087277046718034,
      0.9090888377222123
    ],
    "epochs": [
      21,
      22,
      23,
      24,
      25,
      26,
      27,
      28,
      29,
      30,
      31,
      32,
      33,
      34,
      35,
      36,
      37,
      38,
      39,
      40
    ]
  }
}