{
  "config": {
    "data_path": "arrow_files/2gb/mawilab_lim/",
    "batch_size": 16,
    "accum_steps": 4,
    "d_model": 256,
    "nhead": 8,
    "num_layers": 8,
    "dim_feedforward": 1024,
    "dropout": 0.1,
    "epochs": 10,
    "lr": 0.0001,
    "max_grad_norm": 1.0,
    "context_length": 1024,
    "vocab_size": 65546,
    "warmup_epochs": 2,
    "num_workers": 128,
    "seed": 42,
    "filter_length": 5000,
    "shuffle_buffer_size": 1000,
    "device": "cuda"
  },
  "metrics": {
    "train_loss": [
      7.734626022492996,
      4.859046511216597,
      4.371911513547361
    ],
    "val_loss": [
      5.343495202011485,
      4.502178700341163,
      4.276597607236122
    ],
    "val_acc": [
      0.40212740535740976,
      0.5281899919360422,
      0.5497360072862464
    ],
    "epochs": [
      1,
      2,
      3
    ]
  }
}