{
  "config": {
    "data_path": "arrow_files/2gb/mawilab_lim/",
    "batch_size": 16,
    "accum_steps": 4,
    "d_model": 256,
    "nhead": 8,
    "num_layers": 8,
    "dim_feedforward": 1024,
    "dropout": 0.1,
    "epochs": 20,
    "lr": 0.0001,
    "max_grad_norm": 1.0,
    "context_length": 1024,
    "vocab_size": 65546,
    "warmup_epochs": 2,
    "num_workers": 128,
    "seed": 42,
    "filter_length": 5000,
    "shuffle_buffer_size": 1000,
    "device": "cuda"
  },
  "metrics": {
    "train_loss": [
      3.282190454100453,
      3.2514217611032215,
      3.1817239192164206,
      3.0429672799868377,
      2.8455781042169552,
      2.626083888726311,
      2.3249907226093596,
      1.8883303275360126,
      1.563356895365737,
      1.327337250838028,
      1.2173404089648063,
      1.1442924526120646,
      1.0907209581335513,
      1.046722319140647,
      1.0058482854374753,
      0.9730288115596919,
      0.9434207312889362,
      0.9167974532804392,
      0.892583218594199,
      0.8714416456538895
    ],
    "val_loss": [
      3.5053722074240903,
      3.4582950927614036,
      3.353714009230326,
      3.1659718205488114,
      2.9348360764474957,
      2.7078007760568568,
      2.1612417478570016,
      1.7540798445456995,
      1.4181272680828305,
      1.269224452478427,
      1.2010535502126338,
      1.1484335862324044,
      1.106170685300882,
      1.063730797932716,
      1.0319540564205243,
      1.0043335921402807,
      0.9776164702952095,
      0.9586617673909652,
      0.9365413909503295,
      0.9256309699237827
    ],
    "val_acc": [
      0.6170941928607729,
      0.6206486733196023,
      0.628660099707863,
      0.6436327386704566,
      0.6655946682018552,
      0.685699867733282,
      0.7447378207584099,
      0.7907514571752976,
      0.8307023768409604,
      0.8481098620276398,
      0.8555188702034676,
      0.8609618378422236,
      0.8652657102914467,
      0.869171746605201,
      0.8726711361024626,
      0.8744825540285968,
      0.8764604066874812,
      0.8775319210489396,
      0.8789405649854047,
      0.8791866831300535
    ],
    "epochs": [
      11,
      12,
      13,
      14,
      15,
      16,
      17,
      18,
      19,
      20,
      21,
      22,
      23,
      24,
      25,
      26,
      27,
      28,
      29,
      30
    ]
  }
}