{
  "config": {
    "data_path": "arrow_files/ds6",
    "batch_size": 16,
    "accum_steps": 4,
    "d_model": 256,
    "nhead": 8,
    "num_layers": 8,
    "dim_feedforward": 1024,
    "dropout": 0.1,
    "epochs": 20,
    "lr": 0.0001,
    "max_grad_norm": 1.0,
    "context_length": 1024,
    "vocab_size": 65546,
    "warmup_epochs": 2,
    "num_workers": 128,
    "seed": 42,
    "filter_length": 2048,
    "min_improve": 0.001,
    "epoch_treshold": 3,
    "device": "cuda"
  },
  "metrics": {
    "train_loss": [
      0.6776412402547252,
      0.6581273292189777,
      0.649839059466323,
      0.6430707544640395,
      0.639653633346979,
      0.6309846249179217,
      0.6233592140876114,
      0.6161916984282726,
      0.6058747675709584,
      0.6014534320804221,
      0.5998535946623278,
      0.592176882203264,
      0.5886442684542345,
      0.5900310052409865,
      0.5857858980109084,
      0.58635865454994,
      0.5864970114835055,
      0.5883652229448293,
      0.5919518645554055,
      0.5958410069118635
    ],
    "val_loss": [
      0.6289714345887069,
      0.620283955272249,
      0.6124033947758849,
      0.6091552660111246,
      0.606787821903801,
      0.596036381546098,
      0.5968680765674709,
      0.5852383531080838,
      0.5737844333530909,
      0.5717411772994352,
      0.5690691455977518,
      0.5647558695183545,
      0.5600323034878489,
      0.5613410098061051,
      0.5601923238188573,
      0.5593131697374618,
      0.5555593782731324,
      0.558077436655024,
      0.5632570617209277,
      0.5730312570434588
    ],
    "val_acc": [
      0.9080372882348101,
      0.9087416261682918,
      0.90927805150559,
      0.9093516272983361,
      0.9092191870303181,
      0.9101338622340046,
      0.9097086936357766,
      0.9107043002909461,
      0.911662590901922,
      0.9114206992001115,
      0.9113777751863325,
      0.9116092767801097,
      0.9121230397745627,
      0.9118532810732025,
      0.9121369252608993,
      0.9122945053651752,
      0.9128245929286269,
      0.9127922510766341,
      0.9127244176911006,
      0.9127946517485457
    ],
    "epochs": [
      41,
      42,
      43,
      44,
      45,
      46,
      47,
      48,
      49,
      50,
      51,
      52,
      53,
      54,
      55,
      56,
      57,
      58,
      59,
      60
    ]
  }
}